{"IcoMoonType":"selection","icons":[{"icon":{"paths":["M4655.104 422.571l-485.376-309.248c-15.701-10.24-36.864-5.461-47.104 10.24s-5.461 36.864 10.24 47.104l387.072 246.443h-4403.883c-19.115 0-34.133 15.019-34.133 34.133s15.019 34.133 34.133 34.133h4403.2l-387.072 246.443c-15.701 10.24-20.48 31.403-10.24 47.104 6.827 10.24 17.749 15.701 28.672 15.701 6.144 0 12.288-2.048 18.432-5.461l485.376-309.248c9.557-6.144 15.701-17.067 15.701-28.672s-5.461-22.528-15.019-28.672z"],"attrs":[{}],"width":4779,"isMulticolor":false,"isMulticolor2":false,"grid":0,"tags":["long_arrow"]},"attrs":[{}],"properties":{"order":2,"id":0,"name":"long_arrow","prevSize":32,"code":59648},"setIdx":0,"setId":2,"iconIdx":0}],"height":1024,"metadata":{"name":"icomoon"},"preferences":{"showGlyphs":true,"showQuickUse":true,"showQuickUse2":true,"showSVGs":true,"fontPref":{"prefix":"icon-","metadata":{"fontFamily":"icomoon"},"metrics":{"emSize":1024,"baseline":6.25,"whitespace":50},"embed":false},"imagePref":{"prefix":"icon-","png":true,"useClassSelector":true,"color":0,"bgColor":16777215,"classSelector":".icon"},"historySize":50,"showCodes":true,"gridSize":16}}